NoFilm;NoLangue
181001;1
181001;2
181001;3
181002;1
181003;1
181003;2
181003;3
181004;2
181005;1
181006;1
181006;2
181006;3
181007;1
181008;1
181009;1
181010;1
181011;1
181011;2
181011;3
181012;1
181013;1
181014;1
181101;1
181102;1
181102;2
181102;3
181103;1
181104;1
181104;2
181104;3
181105;1
181105;2
181105;3
181106;1
181107;1
181107;2
181107;3
181108;1
181109;1
181110;1
181111;1
181112;1
181112;2
181112;3
181113;1
181115;1
181116;1
181117;1
181117;2
181117;3
181118;1
181119;1
181201;1
181201;2
181201;3
181202;1
181203;1
